<?xml version="1.0" encoding="UTF-8"?>
<project-private xmlns="http://www.netbeans.org/ns/project-private/1">
    <editor-bookmarks xmlns="http://www.netbeans.org/ns/editor-bookmarks/2" lastBookmarkId="0"/>
    <open-files xmlns="http://www.netbeans.org/ns/projectui-open-files/2">
        <group>
            <file>file:/C:/Users/ndoum/OneDrive/Documents/NetBeansProjects/ST10281928-NDIVHUWONDOU-PROG5121POE/src/st10281928/ndivhuwondou/prog5121poe/Account.java</file>
            <file>file:/C:/Users/ndoum/OneDrive/Documents/NetBeansProjects/ST10281928-NDIVHUWONDOU-PROG5121POE/src/st10281928/ndivhuwondou/prog5121poe/Task.java</file>
            <file>file:/C:/Users/ndoum/OneDrive/Documents/NetBeansProjects/ST10281928-NDIVHUWONDOU-PROG5121POE/test/st10281928/ndivhuwondou/prog5121poe/LoginTest.java</file>
            <file>file:/C:/Users/ndoum/OneDrive/Documents/NetBeansProjects/ST10281928-NDIVHUWONDOU-PROG5121POE/src/st10281928/ndivhuwondou/prog5121poe/Login.java</file>
            <file>file:/C:/Users/ndoum/OneDrive/Documents/NetBeansProjects/ST10281928-NDIVHUWONDOU-PROG5121POE/test/st10281928/ndivhuwondou/prog5121poe/TaskTest.java</file>
            <file>file:/C:/Users/ndoum/OneDrive/Documents/NetBeansProjects/ST10281928-NDIVHUWONDOU-PROG5121POE/test/st10281928/ndivhuwondou/prog5121poe/AccountTest.java</file>
        </group>
    </open-files>
</project-private>
